id,name,state,created_at,tags,url,arch,ratio,dataset,epochs,steps_per_epoch,batch_size,image_size,learning_rate,use_2d_fusion,use_hilbert,use_zigzag,ssm_state_dim,emb_features,num_layers,num_heads,patch_size,noise_schedule,ema_decay,augmentation_mode,step,runtime_sec,best_val_clip_score,val_clip_score,best_val_clip_similarity,val_clip_similarity,best_val_loss,val_loss,train_loss,train_best_loss,train_avg_loss
rtn000or,SSM-LDM-manual-dataset-oxford_flowers102/image_size-256/batch-64/schd-edm/dtype-float32/arch-hybrid_dit+zigzag/lr-0.0003/resblks-2/emb-512/pure-attn-True/arguments_hash-6996066741316175877/date-2026-04-29_00:14:14,crashed,2026-04-29T00:14:16Z,[],https://wandb.ai/umd-projects/msml612-training/runs/rtn000or,hybrid_dit+zigzag,1:1,oxford_flowers102,150,,64,256,0.0003,False,False,False,64,512,16,8,2,edm,0.999,flip_jitter,,,,,,,,,,,
kacn2g30,SSM-LDM-manual-dataset-oxford_flowers102/image_size-256/batch-64/schd-edm/dtype-float32/arch-hybrid_dit+zigzag/lr-0.0003/resblks-2/emb-512/pure-attn-True/arguments_hash--8579389496902429078/date-2026-04-28_23:31:44,failed,2026-04-28T23:31:45Z,[],https://wandb.ai/umd-projects/msml612-training/runs/kacn2g30,hybrid_dit+zigzag,1:1,oxford_flowers102,150,,64,256,0.0003,False,False,False,64,512,16,8,2,edm,0.999,flip_jitter,1397,1113.775103206,18.75,18.75,0.8125,0.8125,,,0.5314911603927612,0.5173051953315735,0.5173051953315735
swk2v9h7,SSM-LDM-manual-dataset-oxford_flowers102/image_size-256/batch-64/schd-edm/dtype-float32/arch-hybrid_dit+zigzag/lr-0.0003/resblks-2/emb-512/pure-attn-True/arguments_hash-3358653556318943591/date-2026-04-28_22:49:37,crashed,2026-04-28T22:49:38Z,[],https://wandb.ai/umd-projects/msml612-training/runs/swk2v9h7,hybrid_dit+zigzag,1:1,oxford_flowers102,150,,64,256,0.0003,False,False,False,64,512,16,8,2,edm,0.999,flip_jitter,,,,,,,,,,,
vesc9meo,SSM-LDM-manual-dataset-oxford_flowers102/image_size-256/batch-64/schd-edm/dtype-float32/arch-hybrid_dit+zigzag/lr-0.0003/resblks-2/emb-512/pure-attn-True/arguments_hash-5362444340525892464/date-2026-04-28_22:17:09,crashed,2026-04-28T22:17:11Z,[],https://wandb.ai/umd-projects/msml612-training/runs/vesc9meo,hybrid_dit+zigzag,1:1,oxford_flowers102,150,,64,256,0.0003,False,False,False,64,512,16,8,2,edm,0.999,flip_jitter,2006,1335.65531158,21.375,21.375,0.7861328125,0.7861328125,,,0.4936267137527466,0.5113550424575806,0.5118884444236755
2881a4sg,SSM-LDM-manual-dataset-oxford_flowers102/image_size-256/batch-64/schd-edm/dtype-float32/arch-hybrid_dit+zigzag/lr-0.0003/resblks-2/emb-512/pure-attn-True/arguments_hash--7375465651590173557/date-2026-04-28_21:21:10,crashed,2026-04-28T21:21:12Z,[],https://wandb.ai/umd-projects/msml612-training/runs/2881a4sg,hybrid_dit+zigzag,1:1,oxford_flowers102,150,,64,256,0.0003,False,False,False,64,512,16,8,2,edm,0.999,flip_jitter,5562,2542.153414866,26.203125,26.203125,0.73828125,0.73828125,,,0.4976409375667572,0.4890951216220856,0.4908095896244049
lwx3n1wg,SSM-LDM-manual-dataset-oxford_flowers102/image_size-256/batch-64/schd-edm/dtype-float32/arch-hybrid_dit+zigzag/lr-0.0003/resblks-2/emb-512/pure-attn-True/arguments_hash-131542024179291108/date-2026-04-28_20:59:18,crashed,2026-04-28T20:59:20Z,[],https://wandb.ai/umd-projects/msml612-training/runs/lwx3n1wg,hybrid_dit+zigzag,1:1,oxford_flowers102,150,,64,256,0.0003,False,False,False,64,512,16,8,2,edm,0.999,flip_jitter,,,,,,,,,,,
nv1y8fwc,SSM-LDM-manual-dataset-oxford_flowers102/image_size-256/batch-64/schd-edm/dtype-float32/arch-hybrid_dit+zigzag/lr-0.0003/resblks-2/emb-512/pure-attn-True/arguments_hash-7499013664473840849/date-2026-04-28_20:55:39,finished,2026-04-28T20:55:41Z,[],https://wandb.ai/umd-projects/msml612-training/runs/nv1y8fwc,hybrid_dit+zigzag,1:1,oxford_flowers102,150,,64,256,0.0003,False,False,False,64,512,16,8,2,edm,0.999,flip_jitter,19050,7095.174575564,28.578125,28.359375,0.71435546875,0.71630859375,,,0.4726303219795227,0.45894187688827515,0.45894187688827515
kjjzywzo,SSM-LDM-manual-dataset-oxford_flowers102/image_size-256/batch-64/schd-edm/dtype-float32/arch-hybrid_dit+zigzag/lr-0.0003/resblks-2/emb-512/pure-attn-True/arguments_hash-3250995558931363957/date-2026-04-28_18:08:10,crashed,2026-04-28T18:08:11Z,[],https://wandb.ai/umd-projects/msml612-training/runs/kjjzywzo,hybrid_dit+zigzag,1:1,oxford_flowers102,150,,64,256,0.0003,False,False,False,64,512,16,8,2,edm,0.999,flip_jitter,,,,,,,,,,,
wec3e9o1,SSM-LDM-manual-dataset-oxford_flowers102/image_size-256/batch-64/schd-edm/dtype-float32/arch-hybrid_dit+zigzag/lr-0.0003/resblks-2/emb-512/pure-attn-True/arguments_hash--8155890861422337166/date-2026-04-28_17:48:27,crashed,2026-04-28T17:48:29Z,[],https://wandb.ai/umd-projects/msml612-training/runs/wec3e9o1,hybrid_dit+zigzag,1:1,oxford_flowers102,150,,64,256,0.0003,False,False,False,64,512,16,8,2,edm,0.999,flip_jitter,,,,,,,,,,,
nvs28ryj,SSM-LDM-manual-dataset-oxford_flowers102/image_size-256/batch-64/schd-edm/dtype-float32/arch-hybrid_dit+zigzag/lr-0.0003/resblks-2/emb-512/pure-attn-True/arguments_hash--8772162821308076369/date-2026-04-28_16:46:21,crashed,2026-04-28T16:46:23Z,[],https://wandb.ai/umd-projects/msml612-training/runs/nvs28ryj,hybrid_dit+zigzag,1:1,oxford_flowers102,150,,64,256,0.0003,False,False,False,64,512,16,8,2,edm,0.999,flip_jitter,7086,3025.794894231,26.453125,26.390625,0.7353515625,0.736328125,,,0.47174638509750366,0.4838620126247406,0.4838620126247406
7w9vy2fu,SSM-LDM-manual-dataset-oxford_flowers102/image_size-256/batch-64/schd-edm/dtype-float32/arch-hybrid_dit+zigzag/lr-0.0003/resblks-2/emb-512/pure-attn-True/arguments_hash--254250595582244915/date-2026-04-28_15:49:58,crashed,2026-04-28T15:49:59Z,[],https://wandb.ai/umd-projects/msml612-training/runs/7w9vy2fu,hybrid_dit+zigzag,1:1,oxford_flowers102,150,,64,256,0.0003,False,False,False,64,512,16,8,2,edm,0.999,flip_jitter,5308,2578.990440069,26.078125,26.078125,0.7392578125,0.7392578125,,,0.4795939922332764,0.48963454365730286,0.49204203486442566
n4hq52ro,SSM-LDM-manual-dataset-oxford_flowers102/image_size-256/batch-64/schd-edm/dtype-float32/arch-hybrid_dit+zigzag/lr-0.0003/resblks-2/emb-512/pure-attn-True/arguments_hash--636847965843962378/date-2026-04-28_15:26:00,failed,2026-04-28T15:26:02Z,[],https://wandb.ai/umd-projects/msml612-training/runs/n4hq52ro,hybrid_dit+zigzag,1:1,oxford_flowers102,150,,64,256,0.0003,False,False,False,64,512,16,8,2,edm,0.999,flip_jitter,254,595.339559354,15.1875,15.1875,0.84814453125,0.84814453125,,,0.5958136320114136,0.6382482647895813,0.6382482647895813
8mjgnuyo,SSM-LDM-manual-dataset-oxford_flowers102/image_size-256/batch-64/schd-edm/dtype-float32/arch-hybrid_dit+zigzag/lr-0.0003/resblks-2/emb-512/pure-attn-True/arguments_hash--6841281610304644751/date-2026-04-28_14:15:57,crashed,2026-04-28T14:15:59Z,[],https://wandb.ai/umd-projects/msml612-training/runs/8mjgnuyo,hybrid_dit+zigzag,1:1,oxford_flowers102,150,,64,256,0.0003,False,False,False,64,512,16,8,2,edm,0.999,flip_jitter,5689,2687.26007132,26.265625,26.265625,0.7373046875,0.7373046875,,,0.4714376032352447,0.4889780580997467,0.4889780580997467
xecrwcv9,SSM-LDM-manual-dataset-oxford_flowers102/image_size-256/batch-64/schd-edm/dtype-float32/arch-hybrid_dit+zigzag/lr-0.0003/resblks-2/emb-512/pure-attn-True/arguments_hash-8288400933043455192/date-2026-04-28_12:40:59,crashed,2026-04-28T12:41:00Z,[],https://wandb.ai/umd-projects/msml612-training/runs/xecrwcv9,hybrid_dit+zigzag,1:1,oxford_flowers102,150,,64,256,0.0003,False,False,False,64,512,16,8,2,edm,0.999,flip_jitter,11684,4602.781600511,27.921875,27.796875,0.720703125,0.72216796875,,,0.475144624710083,0.47152525186538696,0.4717359840869904
zzt3l98i,SSM-LDM-manual-dataset-oxford_flowers102/image_size-256/batch-64/schd-edm/dtype-float32/arch-hybrid_dit+zigzag/lr-0.0003/resblks-2/emb-512/pure-attn-True/arguments_hash-5241066340881769610/date-2026-04-28_12:24:45,crashed,2026-04-28T12:24:47Z,[],https://wandb.ai/umd-projects/msml612-training/runs/zzt3l98i,hybrid_dit+zigzag,1:1,oxford_flowers102,150,,64,256,0.0003,False,False,False,64,512,16,8,2,edm,0.999,flip_jitter,,,,,,,,,,,
w2rvnx7s,SSM-LDM-manual-dataset-oxford_flowers102/image_size-256/batch-64/schd-edm/dtype-float32/arch-hybrid_dit+zigzag/lr-0.0003/resblks-2/emb-512/pure-attn-True/arguments_hash-4167649675325888685/date-2026-04-28_11:31:50,crashed,2026-04-28T11:31:51Z,[],https://wandb.ai/umd-projects/msml612-training/runs/w2rvnx7s,hybrid_dit+zigzag,1:1,oxford_flowers102,150,,64,256,0.0003,False,False,False,64,512,16,8,2,edm,0.999,flip_jitter,990,931.371139133,16.59375,16.59375,0.833984375,0.833984375,,,0.5186790227890015,0.5323624610900879,0.5323624610900879
gg7wsz4w,SSM-LDM-manual-dataset-oxford_flowers102/image_size-256/batch-64/schd-edm/dtype-float32/arch-hybrid_dit+zigzag/lr-0.0003/resblks-2/emb-512/pure-attn-True/arguments_hash--143418646321215484/date-2026-04-28_10:56:36,crashed,2026-04-28T10:56:38Z,[],https://wandb.ai/umd-projects/msml612-training/runs/gg7wsz4w,hybrid_dit+zigzag,1:1,oxford_flowers102,150,,64,256,0.0003,False,False,False,64,512,16,8,2,edm,0.999,flip_jitter,1752,1225.852270996,20.1875,20.1875,0.7978515625,0.7978515625,,,0.5259678363800049,0.512203574180603,0.512203574180603
7re5hhar,SSM-LDM-manual-dataset-oxford_flowers102/image_size-256/batch-64/schd-edm/dtype-float32/arch-hybrid_dit+2d/lr-0.0003/resblks-2/emb-512/pure-attn-True/arguments_hash--6009739835586523005/date-2026-04-28_10:04:25,crashed,2026-04-28T10:04:27Z,[],https://wandb.ai/umd-projects/msml612-training/runs/7re5hhar,hybrid_dit+2d,all-ssm,oxford_flowers102,150,,64,256,0.0003,False,False,False,64,512,16,8,2,edm,0.999,flip_jitter,2133,2382.852664858,20.96875,20.96875,0.79052734375,0.79052734375,,,0.5215007066726685,0.5122833251953125,0.5122833251953125
mknxrekw,SSM-LDM-manual-dataset-oxford_flowers102/image_size-256/batch-64/schd-edm/dtype-float32/arch-hybrid_dit+zigzag/lr-0.0003/resblks-2/emb-512/pure-attn-True/arguments_hash-4106981264963620476/date-2026-04-28_10:02:30,failed,2026-04-28T10:02:32Z,[],https://wandb.ai/umd-projects/msml612-training/runs/mknxrekw,hybrid_dit+zigzag,1:1,oxford_flowers102,150,,64,256,0.0003,False,False,False,64,512,16,8,2,edm,0.999,flip_jitter,5588,2567.834210961,26.171875,26.078125,0.73828125,0.7392578125,,,0.49757450819015503,0.4893129169940949,0.4911864399909973
r91lhrly,SSM-LDM-manual-dataset-oxford_flowers102/image_size-256/batch-64/schd-edm/dtype-float32/arch-hybrid_dit+2d+zigzag/lr-0.0003/resblks-2/emb-512/pure-attn-True/arguments_hash--8822599014033596083/date-2026-04-28_09:32:31,crashed,2026-04-28T09:32:33Z,[],https://wandb.ai/umd-projects/msml612-training/runs/r91lhrly,hybrid_dit+2d+zigzag,all-ssm,oxford_flowers102,150,,64,256,0.0003,False,False,False,64,512,16,8,2,edm,0.999,flip_jitter,,,,,,,,,,,
r9hzj5in,SSM-LDM-manual-dataset-oxford_flowers102/image_size-256/batch-64/schd-edm/dtype-float32/arch-hybrid_dit+2d/lr-0.0003/resblks-2/emb-512/pure-attn-True/arguments_hash-3499356181041843695/date-2026-04-28_09:16:01,crashed,2026-04-28T09:16:03Z,[],https://wandb.ai/umd-projects/msml612-training/runs/r9hzj5in,hybrid_dit+2d,all-ssm,oxford_flowers102,150,,64,256,0.0003,False,False,False,64,512,16,8,2,edm,0.999,flip_jitter,0,448.82555653,14.5703125,14.5703125,0.8544921875,0.8544921875,,,,,
yocafebb,SSM-LDM-manual-dataset-oxford_flowers102/image_size-256/batch-64/schd-edm/dtype-float32/arch-hybrid_dit+2d+hilbert/lr-0.0003/resblks-2/emb-512/pure-attn-True/arguments_hash--1144271873946604203/date-2026-04-28_08:28:22,failed,2026-04-28T08:28:24Z,[],https://wandb.ai/umd-projects/msml612-training/runs/yocafebb,hybrid_dit+2d+hilbert,all-ssm,oxford_flowers102,150,,64,256,0.0003,False,False,False,64,512,16,8,2,edm,0.999,flip_jitter,11049,5144.354604862,28.203125,27.96875,0.7177734375,0.72021484375,,,0.4573611915111542,0.4698804914951325,0.4739423990249634
a3sjqprv,SSM-LDM-manual-dataset-oxford_flowers102/image_size-256/batch-64/schd-edm/dtype-float32/arch-hybrid_dit+zigzag/lr-0.0003/resblks-2/emb-512/pure-attn-True/arguments_hash--493762788975239179/date-2026-04-28_08:14:10,crashed,2026-04-28T08:14:11Z,[],https://wandb.ai/umd-projects/msml612-training/runs/a3sjqprv,hybrid_dit+zigzag,1:1,oxford_flowers102,150,,64,256,0.0003,False,False,False,64,512,16,8,2,edm,0.999,flip_jitter,7213,3209.945803499,26.796875,26.703125,0.73193359375,0.73291015625,,,0.4857134222984314,0.4832246005535126,0.4832246005535126
s1h0okbh,SSM-LDM-manual-dataset-oxford_flowers102/image_size-256/batch-64/schd-edm/dtype-float32/arch-hybrid_dit+2d/lr-0.0003/resblks-2/emb-512/pure-attn-True/arguments_hash--8225275829716653638/date-2026-04-28_08:13:32,crashed,2026-04-28T08:13:33Z,[],https://wandb.ai/umd-projects/msml612-training/runs/s1h0okbh,hybrid_dit+2d,all-ssm,oxford_flowers102,150,,64,256,0.0003,False,False,False,64,512,16,8,2,edm,0.999,flip_jitter,,,,,,,,,,,
4engo1ko,SSM-LDM-manual-dataset-oxford_flowers102/image_size-256/batch-64/schd-edm/dtype-float32/arch-hybrid_dit+2d+zigzag/lr-0.0003/resblks-2/emb-512/pure-attn-True/arguments_hash-29136024027225360/date-2026-04-28_08:04:48,crashed,2026-04-28T08:04:50Z,[],https://wandb.ai/umd-projects/msml612-training/runs/4engo1ko,hybrid_dit+2d+zigzag,all-ssm,oxford_flowers102,150,,64,256,0.0003,False,False,False,64,512,16,8,2,edm,0.999,flip_jitter,,,,,,,,,,,
rsalaq6v,SSM-LDM-manual-dataset-oxford_flowers102/image_size-256/batch-64/schd-edm/dtype-float32/arch-hybrid_dit+2d+hilbert/lr-0.0003/resblks-2/emb-512/pure-attn-True/arguments_hash-5102473291259678067/date-2026-04-28_08:02:45,crashed,2026-04-28T08:02:47Z,[],https://wandb.ai/umd-projects/msml612-training/runs/rsalaq6v,hybrid_dit+2d+hilbert,all-ssm,oxford_flowers102,150,,64,256,0.0003,False,False,False,64,512,16,8,2,edm,0.999,flip_jitter,,,,,,,,,,,
ltmzjgjc,SSM-LDM-manual-dataset-oxford_flowers102/image_size-256/batch-64/schd-edm/dtype-float32/arch-hybrid_dit+2d+hilbert/lr-0.0003/resblks-2/emb-512/pure-attn-True/arguments_hash--2615397484756929151/date-2026-04-28_06:47:55,crashed,2026-04-28T06:47:57Z,[],https://wandb.ai/umd-projects/msml612-training/runs/ltmzjgjc,hybrid_dit+2d+hilbert,all-ssm,oxford_flowers102,150,,64,256,0.0003,False,False,False,64,512,16,8,2,edm,0.999,flip_jitter,8229,4093.918401242,27.84375,27.796875,0.7216796875,0.7216796875,,,0.4946121275424957,0.4788991510868073,0.4788991510868073
j4l1c2sf,SSM-LDM-manual-dataset-oxford_flowers102/image_size-256/batch-64/schd-edm/dtype-float32/arch-hybrid_dit+2d+zigzag/lr-0.0003/resblks-2/emb-512/pure-attn-True/arguments_hash-6785828359956782371/date-2026-04-28_06:10:02,crashed,2026-04-28T06:10:03Z,[],https://wandb.ai/umd-projects/msml612-training/runs/j4l1c2sf,hybrid_dit+2d+zigzag,all-ssm,oxford_flowers102,150,,64,256,0.0003,False,False,False,64,512,16,8,2,edm,0.999,flip_jitter,1778,1634.377548829,19.9375,19.9375,0.80078125,0.80078125,,,0.5289729833602905,0.5143130421638489,0.5143130421638489
urk5cl3o,SSM-LDM-manual-dataset-oxford_flowers102/image_size-256/batch-64/schd-edm/dtype-float32/arch-hybrid_dit+zigzag/lr-0.0003/resblks-2/emb-512/pure-attn-True/arguments_hash-1426776736046865630/date-2026-04-28_05:43:28,crashed,2026-04-28T05:43:30Z,[],https://wandb.ai/umd-projects/msml612-training/runs/urk5cl3o,hybrid_dit+zigzag,1:1,oxford_flowers102,150,,64,256,0.0003,False,False,False,64,512,16,8,2,edm,0.999,flip_jitter,7213,3221.365274758,26.984375,26.984375,0.73046875,0.73046875,,,0.48663270473480225,0.48383745551109314,0.48383745551109314
9jeitspu,SSM-LDM-manual-dataset-oxford_flowers102/image_size-256/batch-64/schd-edm/dtype-float32/arch-hybrid_dit+2d+zigzag/lr-0.0003/resblks-2/emb-512/pure-attn-True/arguments_hash--3185535660719290734/date-2026-04-28_05:15:49,finished,2026-04-28T05:15:51Z,[],https://wandb.ai/umd-projects/msml612-training/runs/9jeitspu,hybrid_dit+2d+zigzag,all-ssm,oxford_flowers102,150,,64,256,0.0003,False,False,False,64,512,16,8,2,edm,0.999,flip_jitter,19050,8614.548522358,28.53125,28.265625,0.71484375,0.71728515625,,,0.4699481725692749,0.4547031223773956,0.4547031223773956
0v0xdeih,SSM-LDM-manual-dataset-oxford_flowers102/image_size-256/batch-64/schd-edm/dtype-float32/arch-hybrid_dit+2d+hilbert/lr-0.0003/resblks-2/emb-512/pure-attn-True/arguments_hash--3999984402428984055/date-2026-04-28_05:15:42,finished,2026-04-28T05:15:44Z,[],https://wandb.ai/umd-projects/msml612-training/runs/0v0xdeih,hybrid_dit+2d+hilbert,all-ssm,oxford_flowers102,150,,64,256,0.0003,False,False,False,64,512,16,8,2,edm,0.999,flip_jitter,19050,8577.598910569,28.53125,28.4375,0.71484375,0.7158203125,,,0.4710284471511841,0.45515716075897217,0.45515716075897217
2w5ztkw9,SSM-LDM-manual-dataset-oxford_flowers102/image_size-256/batch-64/schd-edm/dtype-float32/arch-hybrid_dit+2d+hilbert/lr-0.0003/resblks-2/emb-512/pure-attn-True/arguments_hash-8318359682265469118/date-2026-04-26_21:10:04,finished,2026-04-26T21:10:05Z,[],https://wandb.ai/umd-projects/msml612-training/runs/2w5ztkw9,hybrid_dit+2d+hilbert,all-ssm,oxford_flowers102,150,,64,256,0.0003,False,False,False,64,512,16,8,2,edm,0.999,flip_jitter,19050,7713.827299337,28.546875,28.1875,0.71435546875,0.71826171875,,,0.4700976610183716,0.4548501968383789,0.4548501968383789
g05oxwwn,SSM-LDM-manual-dataset-oxford_flowers102/image_size-256/batch-64/schd-edm/dtype-float32/arch-hybrid_dit+2d+zigzag/lr-0.0003/resblks-2/emb-512/pure-attn-True/arguments_hash-9131397681148974340/date-2026-04-26_19:53:03,finished,2026-04-26T19:53:04Z,[],https://wandb.ai/umd-projects/msml612-training/runs/g05oxwwn,hybrid_dit+2d+zigzag,1:1,oxford_flowers102,150,,64,256,0.0003,False,False,False,64,512,16,8,2,edm,0.999,flip_jitter,19050,7036.416401841,28.53125,28.265625,0.71484375,0.71728515625,,,0.4679855704307556,0.4530104100704193,0.4530104100704193
hbnbjn6p,SSM-LDM-manual-dataset-oxford_flowers102/image_size-256/batch-64/schd-edm/dtype-float32/arch-hybrid_dit+2d/lr-0.0003/resblks-2/emb-512/pure-attn-True/arguments_hash--5881591995564419136/date-2026-04-26_16:13:20,crashed,2026-04-26T16:13:22Z,[],https://wandb.ai/umd-projects/msml612-training/runs/hbnbjn6p,hybrid_dit+2d,3:1,oxford_flowers102,150,,64,256,0.0003,False,False,False,64,512,16,8,2,edm,0.999,flip_jitter,17373,10371.751859579,28.5,28.5,0.71533203125,0.71533203125,,,0.5036646127700806,0.4534270167350769,0.45361390709877014
m7otn3bn,SSM-LDM-manual-dataset-oxford_flowers102/image_size-256/batch-64/schd-edm/dtype-float32/arch-hybrid_dit+2d+zigzag/lr-0.0003/resblks-2/emb-512/pure-attn-True/arguments_hash--6542829787508175610/date-2026-04-26_13:43:06,finished,2026-04-26T13:43:07Z,[],https://wandb.ai/umd-projects/msml612-training/runs/m7otn3bn,hybrid_dit+2d+zigzag,1:1,oxford_flowers102,150,,64,256,0.0003,False,False,False,64,512,16,8,2,edm,0.999,flip_jitter,19050,7092.218468687,28.671875,28.34375,0.71337890625,0.716796875,,,0.4683193862438202,0.4529288709163666,0.4529288709163666
08rxyrjy,SSM-LDM-manual-dataset-oxford_flowers102/image_size-256/batch-64/schd-edm/dtype-float32/arch-hybrid_dit+2d/lr-0.0003/resblks-2/emb-512/pure-attn-True/arguments_hash--6279978022552855271/date-2026-04-26_08:29:45,crashed,2026-04-26T08:29:47Z,[],https://wandb.ai/umd-projects/msml612-training/runs/08rxyrjy,hybrid_dit+2d,all-ssm,oxford_flowers102,150,,64,256,0.0003,False,False,False,64,512,16,8,2,edm,0.999,flip_jitter,12701,9072.582917258,28.28125,28.203125,0.71728515625,0.7177734375,,,0.4629795551300049,0.4682177007198334,0.4683344960212707
7husjb08,SSM-LDM-manual-dataset-oxford_flowers102/image_size-256/batch-64/schd-edm/dtype-float32/arch-hybrid_dit+2d/lr-0.0003/resblks-2/emb-512/pure-attn-True/arguments_hash--8748297391711452726/date-2026-04-26_08:26:00,crashed,2026-04-26T08:26:02Z,[],https://wandb.ai/umd-projects/msml612-training/runs/7husjb08,hybrid_dit+2d,3:1,oxford_flowers102,150,,64,256,0.0003,False,False,False,64,512,16,8,2,edm,0.999,flip_jitter,10541,6674.770609918,28.34375,28.296875,0.71630859375,0.71728515625,,,0.45426487922668457,0.4631497263908386,0.4631497263908386
cmbd8bia,SSM-LDM-manual-dataset-laion12m_coco/image_size-256/batch-128/schd-edm/dtype-float32/arch-hybrid_dit+2d+zigzag/lr-0.0001/resblks-2/emb-768/pure-attn-True/arguments_hash--2135223985593901454/date-2026-04-25_19:17:03,running,2026-04-25T19:17:05Z,[],https://wandb.ai/umd-projects/msml612-training/runs/cmbd8bia,hybrid_dit+2d+zigzag,3:1,laion12m_coco,2000,50000,128,256,0.0001,False,False,False,64,768,16,12,2,edm,0.999,flip_jitter,1479901,279072.968405694,22.59375,22.25,0.77392578125,0.77734375,,,0.31997179985046387,0.3228217363357544,0.32378777861595154
617ma0gf,SSM-LDM-manual-dataset-laion12m_coco/image_size-256/batch-128/schd-edm/dtype-float32/arch-hybrid_dit+2d/lr-0.0001/resblks-2/emb-768/pure-attn-True/arguments_hash--2276375477324224778/date-2026-04-25_19:17:02,running,2026-04-25T19:17:05Z,[],https://wandb.ai/umd-projects/msml612-training/runs/617ma0gf,hybrid_dit+2d,3:1,laion12m_coco,2000,50000,128,256,0.0001,False,False,False,64,768,16,12,2,edm,0.999,flip_jitter,1486801,279371.769889549,20.96875,12.140625,0.7900390625,0.87841796875,,,0.4039270281791687,0.3290875554084778,0.3958105444908142
rrc92ztx,SSM-LDM-manual-dataset-oxford_flowers102/image_size-256/batch-64/schd-edm/dtype-float32/arch-hybrid_dit+2d/lr-0.0003/resblks-2/emb-512/pure-attn-True/arguments_hash--7384171728366531967/date-2026-04-21_01:39:43,finished,2026-04-21T01:39:45Z,[],https://wandb.ai/umd-projects/msml612-training/runs/rrc92ztx,hybrid_dit+2d,1:1,oxford_flowers102,150,,64,256,0.0003,False,False,False,64,512,16,8,2,edm,0.999,flip_jitter,19050,9741.81931964,28.640625,28.390625,0.7138671875,0.7158203125,,,0.46653395891189575,0.4508832693099976,0.4508832693099976
0u1qq5s9,SSM-LDM-manual-dataset-oxford_flowers102/image_size-256/batch-64/schd-edm/dtype-float32/arch-hybrid_dit+hilbert/lr-0.0003/resblks-2/emb-512/pure-attn-True/arguments_hash-1316737157870482033/date-2026-04-21_01:39:42,finished,2026-04-21T01:39:44Z,[],https://wandb.ai/umd-projects/msml612-training/runs/0u1qq5s9,hybrid_dit+hilbert,1:1,oxford_flowers102,150,,64,256,0.0003,False,False,False,64,512,16,8,2,edm,0.999,flip_jitter,19050,6722.604811182,28.3125,27.9375,0.716796875,0.720703125,,,0.4738355278968811,0.460058331489563,0.460058331489563
xf18pnxa,SSM-LDM-manual-dataset-oxford_flowers102/image_size-256/batch-64/schd-edm/dtype-float32/arch-hybrid_dit+2d+hilbert/lr-0.0003/resblks-2/emb-512/pure-attn-True/arguments_hash-7557553592010667610/date-2026-04-20_22:09:27,finished,2026-04-20T22:09:29Z,[],https://wandb.ai/umd-projects/msml612-training/runs/xf18pnxa,hybrid_dit+2d+hilbert,1:1,oxford_flowers102,150,,64,256,0.0003,False,False,False,64,512,16,8,2,edm,0.999,flip_jitter,19050,7317.523028071,28.6875,28.4375,0.71337890625,0.7158203125,,,0.46744632720947266,0.452789843082428,0.452789843082428
s19h4nrt,SSM-LDM-manual-dataset-oxford_flowers102/image_size-256/batch-64/schd-edm/dtype-float32/arch-hybrid_dit/lr-0.0003/resblks-2/emb-512/pure-attn-True/arguments_hash-2782644575371929512/date-2026-04-20_22:09:27,finished,2026-04-20T22:09:29Z,[],https://wandb.ai/umd-projects/msml612-training/runs/s19h4nrt,hybrid_dit,1:1,oxford_flowers102,150,,64,256,0.0003,False,False,False,64,512,16,8,2,edm,0.999,flip_jitter,19050,6625.64034507,28.484375,28.4375,0.71533203125,0.7158203125,,,0.4679525494575501,0.4536962807178498,0.4536962807178498
bqenrds7,SSM-LDM-manual-dataset-oxford_flowers102/image_size-256/batch-64/schd-edm/dtype-float32/arch-hybrid_dit+zigzag/lr-0.0003/resblks-2/emb-512/pure-attn-True/arguments_hash-6861833020501457315/date-2026-04-20_16:59:22,finished,2026-04-20T16:59:23Z,[],https://wandb.ai/umd-projects/msml612-training/runs/bqenrds7,hybrid_dit+zigzag,all-ssm,oxford_flowers102,150,,64,256,0.0003,False,False,False,64,512,16,8,2,edm,0.999,flip_jitter,19050,6848.198393517,26.84375,26.5,0.7314453125,0.73486328125,,,0.4971992671489715,0.48629823327064514,0.48629823327064514
d0w02u5t,SSM-LDM-manual-dataset-oxford_flowers102/image_size-256/batch-64/schd-edm/dtype-float32/arch-hybrid_dit/lr-0.0003/resblks-2/emb-512/pure-attn-True/arguments_hash--5543792190036984838/date-2026-04-20_14:34:49,finished,2026-04-20T14:34:51Z,[],https://wandb.ai/umd-projects/msml612-training/runs/d0w02u5t,hybrid_dit,all-ssm,oxford_flowers102,150,,64,256,0.0003,False,False,False,64,512,16,8,2,edm,0.999,flip_jitter,19050,6762.299195534,27.90625,27.671875,0.720703125,0.72314453125,,,0.4854986071586609,0.47292330861091614,0.47292330861091614
6arxz5mk,SSM-LDM-manual-dataset-oxford_flowers102/image_size-256/batch-64/schd-edm/dtype-float32/arch-hybrid_dit+2d+zigzag/lr-0.0003/resblks-2/emb-512/pure-attn-True/arguments_hash--5879204821473382084/date-2026-04-20_14:23:42,finished,2026-04-20T14:23:44Z,[],https://wandb.ai/umd-projects/msml612-training/runs/6arxz5mk,hybrid_dit+2d+zigzag,all-ssm,oxford_flowers102,150,,64,256,0.0003,False,False,False,64,512,16,8,2,edm,0.999,flip_jitter,19050,7784.502597338,28.5625,28.078125,0.71435546875,0.71923828125,,,0.470866322517395,0.4549970030784607,0.4549970030784607
dk7sp0y1,SSM-LDM-manual-dataset-oxford_flowers102/image_size-256/batch-64/schd-edm/dtype-float32/arch-hybrid_dit+2d+hilbert/lr-0.0003/resblks-2/emb-512/pure-attn-True/arguments_hash--5035514550883682296/date-2026-04-28_06:47:10,finished,2026-04-20T03:14:41Z,[],https://wandb.ai/umd-projects/msml612-training/runs/dk7sp0y1,hybrid_dit+2d+hilbert,3:1,oxford_flowers102,150,,64,256,0.0003,False,False,False,64,512,16,8,2,edm,0.999,flip_jitter,471001,91114,21.328125,21.328125,0.78662109375,0.78662109375,,,0.3289843201637268,0.327187180519104,0.327187180519104
mybh0k61,SSM-LDM-manual-dataset-laion12m_coco/image_size-256/batch-128/schd-edm/dtype-float32/arch-hybrid_dit/lr-0.0001/resblks-2/emb-768/pure-attn-True/arguments_hash--2696402743469803734/date-2026-04-20_00:25:27,crashed,2026-04-20T00:25:30Z,[],https://wandb.ai/umd-projects/msml612-training/runs/mybh0k61,hybrid_dit,3:1,laion12m_coco,2000,50000,128,256,0.0001,,False,,64,768,16,12,2,edm,0.999,flip_jitter,556201,101204.63465663,21,21,0.7900390625,0.7900390625,,,0.3222217559814453,0.32987990975379944,0.3310832679271698
lcaztnf8,SSM-LDM-manual-dataset-oxford_flowers102/image_size-256/batch-64/schd-edm/dtype-float32/arch-hybrid_dit+2d/lr-0.0003/resblks-2/emb-512/pure-attn-True/arguments_hash--9196731248636770490/date-2026-04-20_00:25:03,crashed,2026-04-20T00:25:05Z,[],https://wandb.ai/umd-projects/msml612-training/runs/lcaztnf8,hybrid_dit+2d,all-ssm,oxford_flowers102,150,,64,256,0.0003,False,False,False,64,512,16,8,2,edm,0.999,flip_jitter,15722,10955.660221354,28.46875,28.1875,0.71533203125,0.71826171875,,,0.4540388286113739,0.46087679266929626,0.4643877148628235
azioyhka,SSM-LDM-manual-dataset-oxford_flowers102/image_size-256/batch-64/schd-edm/dtype-float32/arch-hybrid_dit+2d+zigzag/lr-0.0003/resblks-2/emb-512/pure-attn-True/arguments_hash-4149243696618633847/date-2026-04-19_21:58:14,finished,2026-04-19T21:58:16Z,[],https://wandb.ai/umd-projects/msml612-training/runs/azioyhka,hybrid_dit+2d+zigzag,3:1,oxford_flowers102,150,,64,256,0.0003,False,False,False,64,512,16,8,2,edm,0.999,flip_jitter,19050,8151.806381379,28.65625,28.375,0.71337890625,0.71630859375,,,0.46777594089508057,0.4531278908252716,0.4531278908252716
k0utd8v5,SSM-LDM-manual-dataset-oxford_flowers102/image_size-256/batch-64/schd-edm/dtype-float32/arch-hybrid_dit+2d+hilbert/lr-0.0003/resblks-2/emb-512/pure-attn-True/arguments_hash--3025933403615135169/date-2026-04-16_18:59:18,finished,2026-04-16T18:59:20Z,[],https://wandb.ai/umd-projects/msml612-training/runs/k0utd8v5,hybrid_dit+2d+hilbert,all-ssm,oxford_flowers102,150,,64,256,0.0003,False,False,False,64,512,16,8,2,edm,0.999,flip_jitter,19050,7696.209790182,28.375,28.34375,0.71630859375,0.716796875,,,0.4705652892589569,0.4547829031944275,0.4547829031944275
srm8avoo,SSM-LDM-manual-dataset-oxford_flowers102/image_size-256/batch-64/schd-edm/dtype-float32/arch-hybrid_dit+2d/lr-0.0003/resblks-2/emb-512/pure-attn-True/arguments_hash--1665808193470664308/date-2026-04-16_15:04:00,finished,2026-04-16T15:04:02Z,[],https://wandb.ai/umd-projects/msml612-training/runs/srm8avoo,hybrid_dit+2d,3:1,oxford_flowers102,150,,64,256,0.0003,False,False,False,64,512,16,8,2,edm,0.999,flip_jitter,19050,12306.332036626,28.609375,28.375,0.7138671875,0.71630859375,,,0.4670149087905884,0.4511992633342743,0.4511992633342743
3u0fbiwp,SSM-LDM-manual-dataset-oxford_flowers102/image_size-256/batch-64/schd-edm/dtype-float32/arch-hybrid_dit+2d+hilbert/lr-0.0003/resblks-2/emb-512/pure-attn-True/arguments_hash--3881919629689746447/date-2026-04-16_06:35:45,finished,2026-04-16T06:35:47Z,[],https://wandb.ai/umd-projects/msml612-training/runs/3u0fbiwp,hybrid_dit+2d+hilbert,3:1,oxford_flowers102,150,,64,256,0.0003,False,False,False,64,512,16,8,2,edm,0.999,flip_jitter,19050,7654.606851211,28.59375,28.390625,0.71435546875,0.7158203125,,,0.4675047993659973,0.4527248442173004,0.4527248442173004
i2xr8nsf,SSM-LDM-manual-dataset-oxford_flowers102/image_size-256/batch-64/schd-edm/dtype-float32/arch-hybrid_dit+zigzag/lr-0.0003/resblks-2/emb-512/pure-attn-True/arguments_hash--2071382714589402534/date-2026-04-16_03:40:42,finished,2026-04-16T03:40:44Z,[],https://wandb.ai/umd-projects/msml612-training/runs/i2xr8nsf,hybrid_dit+zigzag,3:1,oxford_flowers102,150,,64,256,0.0003,,False,False,64,512,16,8,2,edm,0.999,flip_jitter,19050,6717.465650067,28.53125,28.21875,0.71484375,0.7177734375,,,0.4753075838088989,0.4612102508544922,0.4612102508544922
uxkhvncx,SSM-LDM-manual-dataset-laion12m_coco/image_size-256/batch-128/schd-edm/dtype-float32/arch-hybrid_dit+hilbert/lr-0.0001/resblks-2/emb-768/pure-attn-True/arguments_hash--1635330034767327930/date-2026-04-15_08:01:27,crashed,2026-04-15T08:01:44Z,[],https://wandb.ai/umd-projects/msml612-training/runs/uxkhvncx,hybrid_dit+hilbert,3:1,laion12m_coco,2000,50000,128,256,0.0001,,False,,64,768,16,12,2,edm,0.999,flip_jitter,2178001,396160.627320199,22.15625,11.96875,0.7783203125,0.88037109375,,,0.5571388006210327,0.32691165804862976,0.5739601254463196
phx5t29w,LDM-manual-dataset-laion12m_coco/image_size-256/batch-128/schd-edm/dtype-float32/arch-simple_dit/lr-0.0001/resblks-2/emb-768/pure-attn-True/arguments_hash-6809912376828415137/date-2026-04-15_07:37:20,failed,2026-04-15T07:37:22Z,[],https://wandb.ai/umd-projects/msml612-training/runs/phx5t29w,simple_dit,3:1,laion12m_coco,2000,50000,128,256,0.0001,,False,,64,768,16,12,2,edm,0.999,flip_jitter,2722401,397706.45784417,22.75,12.5625,0.7724609375,0.8740234375,,,0.6608681678771973,0.32279473543167114,0.6872375011444092
6lkmptiw,SSM-LDM-manual-dataset-oxford_flowers102/image_size-256/batch-64/schd-edm/dtype-float32/arch-hybrid_dit/lr-0.0003/resblks-2/emb-512/pure-attn-True/arguments_hash-6602838905932334812/date-2026-04-15_05:42:48,finished,2026-04-15T05:42:50Z,[],https://wandb.ai/umd-projects/msml612-training/runs/6lkmptiw,hybrid_dit,3:1,oxford_flowers102,150,,64,256,0.0003,,False,,64,512,16,8,2,edm,0.999,flip_jitter,19050,7385.485841489,28.765625,28.5,0.71240234375,0.71484375,,,0.469595730304718,0.45516207814216614,0.45516207814216614
pd47cgd3,LDM-manual-dataset-oxford_flowers102/image_size-256/batch-64/schd-edm/dtype-float32/arch-simple_dit/lr-0.0003/resblks-2/emb-512/pure-attn-True/arguments_hash--3820919836973155049/date-2026-04-15_05:42:48,crashed,2026-04-15T05:42:49Z,[],https://wandb.ai/umd-projects/msml612-training/runs/pd47cgd3,simple_dit,3:1,oxford_flowers102,150,,64,256,0.0003,,False,,64,512,16,8,2,edm,0.999,flip_jitter,4292,4050.161375702,26.21875,26.21875,0.73779296875,0.73779296875,,,0.4921136498451233,0.48507118225097656,0.48699432611465454
eo0r2xly,SSM-LDM-manual-dataset-oxford_flowers102/image_size-256/batch-64/schd-edm/dtype-float32/arch-hybrid_dit+hilbert/lr-0.0003/resblks-2/emb-512/pure-attn-True/arguments_hash-3111926959990739745/date-2026-04-15_05:42:43,finished,2026-04-15T05:42:45Z,[],https://wandb.ai/umd-projects/msml612-training/runs/eo0r2xly,hybrid_dit+hilbert,3:1,oxford_flowers102,150,,64,256,0.0003,,False,,64,512,16,8,2,edm,0.999,flip_jitter,19050,6447.139379307,28.21875,28.09375,0.7177734375,0.71875,,,0.47701239585876465,0.4638284146785736,0.4638284146785736
vwyhqjir,LDM-manual-dataset-oxford_flowers102/image_size-256/batch-64/schd-edm/dtype-float32/arch-simple_dit/lr-5e-05/resblks-2/emb-512/pure-attn-True/arguments_hash-4808849682601793508/date-2026-04-15_04:03:42,failed,2026-04-15T04:03:44Z,[],https://wandb.ai/umd-projects/msml612-training/runs/vwyhqjir,simple_dit,3:1,oxford_flowers102,150,,64,256,5e-05,,False,,64,512,16,8,2,edm,0.9999,flip_only,7874,5288.06306334,16.640625,16.375,0.83349609375,0.8359375,,,0.486444354057312,0.48409804701805115,0.48409804701805115
zufqhg62,SSM-LDM-manual-dataset-oxford_flowers102/image_size-256/batch-64/schd-edm/dtype-float32/arch-hybrid_dit+hilbert/lr-5e-05/resblks-2/emb-512/pure-attn-True/arguments_hash--8521871271240853233/date-2026-04-15_03:55:22,failed,2026-04-15T03:55:23Z,[],https://wandb.ai/umd-projects/msml612-training/runs/zufqhg62,hybrid_dit+hilbert,3:1,oxford_flowers102,150,,64,256,5e-05,,False,,64,512,16,8,2,edm,0.9999,flip_only,17526,5788.254737182,23.90625,23.90625,0.7607421875,0.7607421875,,,0.5136204957962036,0.48060786724090576,0.4822595715522766
8dma91dd,SSM-LDM-manual-dataset-oxford_flowers102/image_size-256/batch-64/schd-edm/dtype-float32/arch-hybrid_dit/lr-5e-05/resblks-2/emb-512/pure-attn-True/arguments_hash--4839283791891282079/date-2026-04-15_03:45:58,finished,2026-04-15T03:46:00Z,[],https://wandb.ai/umd-projects/msml612-training/runs/8dma91dd,hybrid_dit,3:1,oxford_flowers102,150,,64,256,5e-05,,False,,64,512,16,8,2,edm,0.9999,flip_only,19050,6325.03522939,24.59375,24.59375,0.75390625,0.75390625,,,0.4832334518432617,0.470755010843277,0.470755010843277
nr235dac,LDM-manual-dataset-oxford_flowers102/image_size-256/batch-64/schd-edm/dtype-float32/arch-simple_dit+hilbert/lr-5e-05/resblks-2/emb-512/pure-attn-True/arguments_hash--6505026806181844960/date-2026-04-14_18:31:24,finished,2026-04-14T18:31:26Z,[],https://wandb.ai/umd-projects/msml612-training/runs/nr235dac,simple_dit+hilbert,3:1,oxford_flowers102,150,,64,256,5e-05,,False,,64,512,16,8,2,edm,,,19050,6151.62351469,28.25,27.84375,0.71728515625,0.7216796875,,,0.4694623649120331,0.4564456045627594,0.4569904804229736
pfkggns2,SSM-LDM-manual-dataset-oxford_flowers102/image_size-256/batch-64/schd-edm/dtype-float32/arch-hybrid_dit+hilbert/lr-5e-05/resblks-2/emb-512/pure-attn-True/arguments_hash-6917701500147125110/date-2026-04-14_18:31:22,finished,2026-04-14T18:31:23Z,[],https://wandb.ai/umd-projects/msml612-training/runs/pfkggns2,hybrid_dit+hilbert,3:1,oxford_flowers102,150,,64,256,5e-05,,False,,64,512,16,8,2,edm,,,19050,6367.023364048,28.109375,28.03125,0.71875,0.7197265625,,,0.4754949510097504,0.46287205815315247,0.4633215367794037
qr2702yx,SSM-LDM-manual-dataset-oxford_flowers102/image_size-256/batch-64/schd-edm/dtype-float32/arch-hybrid_dit+hilbert/lr-5e-05/resblks-2/emb-512/pure-attn-True/arguments_hash-3154253288201824441/date-2026-04-14_15:24:48,finished,2026-04-14T15:24:50Z,[],https://wandb.ai/umd-projects/msml612-training/runs/qr2702yx,hybrid_dit+hilbert,all-ssm,oxford_flowers102,150,,64,256,5e-05,,False,,64,512,16,8,2,edm,,,19050,7328.968742104,24.640625,24.46875,0.75341796875,0.75537109375,,,0.5147196650505066,0.5082159638404846,0.5084599256515503
3m9e2807,SSM-LDM-manual-dataset-oxford_flowers102/image_size-256/batch-64/schd-edm/dtype-float32/arch-hybrid_dit/lr-5e-05/resblks-2/emb-512/pure-attn-True/arguments_hash-1861781249309938192/date-2026-04-14_15:24:39,finished,2026-04-14T15:24:41Z,[],https://wandb.ai/umd-projects/msml612-training/runs/3m9e2807,hybrid_dit,3:1,oxford_flowers102,150,,64,256,5e-05,,False,,64,512,16,8,2,edm,,,19050,14301.780381117,28.5,28.21875,0.71484375,0.7177734375,,,0.469664990901947,0.45631077885627747,0.4568937420845032
8b7p6rgw,SSM-LDM-manual-dataset-oxford_flowers102/image_size-256/batch-64/schd-edm/dtype-float32/arch-hybrid_dit+hilbert/lr-5e-05/resblks-2/emb-512/pure-attn-True/arguments_hash-5096111210832767220/date-2026-04-14_15:24:38,finished,2026-04-14T15:24:40Z,[],https://wandb.ai/umd-projects/msml612-training/runs/8b7p6rgw,hybrid_dit+hilbert,1:1,oxford_flowers102,150,,64,256,5e-05,,False,,64,512,16,8,2,edm,,,19050,9290.075057405,28.375,28.21875,0.71630859375,0.7177734375,,,0.471996933221817,0.4593634307384491,0.4598219394683838
agcofcqn,old-LDM-manual-dataset-oxford_flowers102/image_size-256/batch-64/schd-edm/dtype-float32/arch-simple_dit+hilbert/lr-0.0003/resblks-2/emb-512/pure-attn-True/arguments_hash-3119814960377827514/date-2026-04-14_03:29:49,finished,2026-04-14T03:29:51Z,[],https://wandb.ai/umd-projects/msml612-training/runs/agcofcqn,simple_dit+hilbert,3:1,oxford_flowers102,150,,64,256,0.0003,,False,,64,512,16,8,2,edm,,,19050,9096.294508263,28.5,17.0625,0.71484375,0.82958984375,,,0.6010512113571167,0.4645507335662842,0.6055217385292053
tqlyjd5z,LDM-manual-dataset-oxford_flowers102/image_size-256/batch-64/schd-edm/dtype-float32/arch-simple_dit/lr-0.0003/resblks-2/emb-512/pure-attn-True/arguments_hash-3839035962665101367/date-2026-04-14_01:47:25,finished,2026-04-14T01:47:27Z,[],https://wandb.ai/umd-projects/msml612-training/runs/tqlyjd5z,simple_dit,3:1,oxford_flowers102,150,,64,256,0.0003,,False,,64,512,16,8,2,edm,,,19050,9225.587830591,28.71875,28.390625,0.712890625,0.7158203125,,,0.46613791584968567,0.45251134037971497,0.45251134037971497
mq05643r,old-SSM-LDM-manual-dataset-oxford_flowers102/image_size-256/batch-64/schd-edm/dtype-float32/arch-hybrid_dit+hilbert/lr-0.0003/resblks-2/emb-512/pure-attn-True/arguments_hash--4126524905255054100/date-2026-04-14_00:08:20,finished,2026-04-14T00:08:21Z,[],https://wandb.ai/umd-projects/msml612-training/runs/mq05643r,hybrid_dit+hilbert,3:1,oxford_flowers102,150,,64,256,0.0003,,False,,64,512,16,8,2,edm,,,19050,21729.587335327,28.5,28.28125,0.71484375,0.71728515625,,,0.4736214280128479,0.4599606990814209,0.4599606990814209
l4dqr03i,old-SSM-LDM-manual-dataset-oxford_flowers102/image_size-256/batch-64/schd-edm/dtype-float32/arch-hybrid_dit+hilbert/lr-0.0003/resblks-2/emb-512/pure-attn-True/arguments_hash-2230326337499698043/date-2026-04-13_22:05:21,crashed,2026-04-13T22:05:23Z,[],https://wandb.ai/umd-projects/msml612-training/runs/l4dqr03i,hybrid_dit+hilbert,all-ssm,oxford_flowers102,150,,64,256,0.0003,,False,,64,512,16,8,2,edm,,,11785,7220.371542606,,,0.7685546875,0.7685546875,,,0.5301993489265442,0.5274235606193542,0.5276212096214294
dpsupbv1,old-SSM-LDM-manual-dataset-oxford_flowers102/image_size-256/batch-64/schd-edm/dtype-float32/arch-hybrid_dit+hilbert/lr-0.0003/resblks-2/emb-512/pure-attn-True/arguments_hash--6474662894733719943/date-2026-04-12_21:16:17,finished,2026-04-12T21:16:19Z,[],https://wandb.ai/umd-projects/msml612-training/runs/dpsupbv1,hybrid_dit+hilbert,3:1,oxford_flowers102,150,,64,256,0.0003,,False,,64,512,16,8,2,edm,,,19050,11369.286223792,,,0.71923828125,0.72216796875,,,0.4853968620300293,0.47469449043273926,0.47469449043273926
9fc0k2xy,old-SSM-LDM-manual-dataset-oxford_flowers102/image_size-256/batch-64/schd-edm/dtype-float32/arch-hybrid_dit+hilbert/lr-0.0003/resblks-2/emb-512/pure-attn-True/arguments_hash--8569888467370584709/date-2026-04-08_00:12:01,finished,2026-04-08T00:12:03Z,[],https://wandb.ai/umd-projects/msml612-training/runs/9fc0k2xy,hybrid_dit+hilbert,1:1,oxford_flowers102,150,,64,256,0.0003,,False,,64,512,16,8,2,edm,,,19050,11336.640889293,,,0.71875,0.72216796875,,,0.47948411107063293,0.4682646691799164,0.4682646691799164
thj51zmf,old-SSM-LDM-manual-dataset-oxford_flowers102/image_size-256/batch-64/schd-edm/dtype-float32/arch-hybrid_dit+hilbert/lr-0.0003/resblks-2/emb-512/pure-attn-True/arguments_hash-2181013805034959060/date-2026-04-04_19:40:38,finished,2026-04-04T19:40:40Z,[],https://wandb.ai/umd-projects/msml612-training/runs/thj51zmf,hybrid_dit+hilbert,1:1,oxford_flowers102,150,,64,256,0.0003,,False,,64,512,16,8,2,edm,,,19050,6418.918778099,,,0.7177734375,0.720703125,,,0.4809481203556061,0.4701012074947357,0.4701012074947357
tcj88r3i,old-SSM-LDM-manual-dataset-oxford_flowers102/image_size-256/batch-64/schd-edm/dtype-float32/arch-hybrid_dit+hilbert/lr-0.0003/resblks-2/emb-512/pure-attn-True/arguments_hash-6697949860930260284/date-2026-04-04_19:37:29,finished,2026-04-04T19:37:31Z,[],https://wandb.ai/umd-projects/msml612-training/runs/tcj88r3i,hybrid_dit+hilbert,3:1,oxford_flowers102,150,,64,256,0.0003,,False,,64,512,16,8,2,edm,,,19050,6474.064119716,,,0.7197265625,0.7216796875,,,0.4833811819553375,0.47269734740257263,0.47269734740257263
0do8nutp,old-SSM-LDM-manual-dataset-oxford_flowers102/image_size-256/batch-64/schd-edm/dtype-float32/arch-hybrid_dit/lr-0.0003/resblks-2/emb-512/pure-attn-True/arguments_hash--8459760981775670957/date-2026-04-04_14:21:15,failed,2026-04-04T14:21:17Z,[],https://wandb.ai/umd-projects/msml612-training/runs/0do8nutp,hybrid_dit,3:1,oxford_flowers102,150,,64,256,0.0003,,False,,64,512,16,8,2,edm,,,19050,33794.560547718,,,0.71435546875,0.71630859375,,,0.4739855229854584,0.4594545364379883,0.4594545364379883
pbodjj7p,old-SSM-LDM-manual-dataset-oxford_flowers102/image_size-256/batch-64/schd-edm/dtype-float32/arch-hybrid_dit+hilbert/lr-0.0003/resblks-2/emb-512/pure-attn-True/arguments_hash--3894061438040131446/date-2026-04-04_06:54:14,finished,2026-04-04T06:54:15Z,[],https://wandb.ai/umd-projects/msml612-training/runs/pbodjj7p,hybrid_dit+hilbert,3:1,oxford_flowers102,150,,64,256,0.0003,,False,,64,512,16,8,2,edm,,,19050,6977.089743469,,,0.7216796875,0.72412109375,,,0.4879668056964874,0.4772232174873352,0.4772232174873352
2778gda6,old-SSM-LDM-manual-dataset-oxford_flowers102/image_size-256/batch-64/schd-edm/dtype-float32/arch-hybrid_dit+hilbert/lr-0.0003/resblks-2/emb-512/pure-attn-True/arguments_hash--2932650342305198963/date-2026-04-04_04:17:19,crashed,2026-04-04T04:17:21Z,[],https://wandb.ai/umd-projects/msml612-training/runs/2778gda6,hybrid_dit+hilbert,all-ssm,oxford_flowers102,150,,64,256,0.0003,,False,,64,512,16,8,2,edm,,,5589,2290.553075405,,,0.79296875,0.79296875,,,0.5280331373214722,0.5397230982780457,0.5397230982780457
c03i0jhp,old-SSM-LDM-manual-dataset-oxford_flowers102/image_size-256/batch-64/schd-edm/dtype-float32/arch-hybrid_dit+hilbert/lr-0.0003/resblks-2/emb-512/pure-attn-True/arguments_hash--8936198604238685069/date-2026-04-04_04:16:50,failed,2026-04-04T04:16:53Z,[],https://wandb.ai/umd-projects/msml612-training/runs/c03i0jhp,hybrid_dit+hilbert,1:1,oxford_flowers102,150,,64,256,0.0003,,False,,64,512,16,8,2,edm,,,8891,3468.926578063,,,0.74072265625,0.7412109375,,,0.5009663105010986,0.49778613448143005,0.4989467859268189
m3qa5y83,old-SSM-LDM-manual-dataset-oxford_flowers102/image_size-256/batch-64/schd-edm/dtype-float32/arch-hybrid_dit+hilbert/lr-0.0003/resblks-2/emb-512/pure-attn-True/arguments_hash-2776775014989571782/date-2026-04-04_04:12:13,crashed,2026-04-04T04:12:15Z,[],https://wandb.ai/umd-projects/msml612-training/runs/m3qa5y83,hybrid_dit+hilbert,3:1,oxford_flowers102,150,,64,256,0.0003,,False,,64,512,16,8,2,edm,,,5816,2349.097339833,,,0.77099609375,0.77099609375,,,0.5100551843643188,0.5225191712379456,0.5225191712379456
aj7334wr,old-LDM-manual-dataset-oxford_flowers102/image_size-256/batch-64/schd-edm/dtype-float32/arch-simple_dit+hilbert/lr-0.0003/resblks-2/emb-512/pure-attn-True/arguments_hash-2461523627067199976/date-2026-04-04_03:28:27,finished,2026-04-04T03:28:29Z,[],https://wandb.ai/umd-projects/msml612-training/runs/aj7334wr,simple_dit+hilbert,3:1,oxford_flowers102,150,,64,256,0.0003,,False,,64,512,16,8,2,edm,,,19050,8495.257608131,,,0.71630859375,0.720703125,,,0.47469910979270935,0.463636189699173,0.463636189699173
ak0n4b3r,old-LDM-manual-dataset-oxford_flowers102/image_size-256/batch-64/schd-edm/dtype-float32/arch-simple_dit/lr-0.0003/resblks-2/emb-512/pure-attn-True/arguments_hash--8012913486393144256/date-2026-04-04_03:04:39,finished,2026-04-04T03:04:42Z,[],https://wandb.ai/umd-projects/msml612-training/runs/ak0n4b3r,simple_dit,3:1,oxford_flowers102,150,,64,256,0.0003,,False,,64,512,16,8,2,edm,,,19050,40519.820663173,,,0.71337890625,0.71630859375,,,0.4666562080383301,0.45187267661094666,0.45187267661094666
rs9yx5om,old-LDM-manual-dataset-oxford_flowers102/image_size-256/batch-64/schd-edm/dtype-float32/arch-simple_dit/lr-0.0003/resblks-2/emb-512/pure-attn-True/arguments_hash-1437423170888499899/date-2026-04-04_01:13:51,crashed,2026-04-04T01:13:53Z,[],https://wandb.ai/umd-projects/msml612-training/runs/rs9yx5om,simple_dit,3:1,oxford_flowers102,150,,64,256,0.0003,,False,,64,512,16,8,2,edm,,,990,1096.200624141,,,0.837890625,0.837890625,,,0.5179546475410461,0.5281684398651123,0.5281684398651123
neimk7jg,old-SSM-LDM-manual-dataset-oxford_flowers102/image_size-256/batch-64/schd-edm/dtype-float32/arch-hybrid_dit/lr-0.0003/resblks-2/emb-512/pure-attn-True/arguments_hash-7406716778750770758/date-2026-04-04_01:13:46,finished,2026-04-04T01:13:48Z,[],https://wandb.ai/umd-projects/msml612-training/runs/neimk7jg,hybrid_dit,3:1,oxford_flowers102,150,,64,256,0.0003,,False,,64,512,16,8,2,edm,,,19050,7444.090775307,,,0.71484375,0.7177734375,,,0.47393912076950073,0.4603596329689026,0.4603596329689026
qn9sm6n9,old-LDM-manual-dataset-oxford_flowers102/image_size-256/batch-64/schd-edm/dtype-float32/arch-simple_dit+hilbert/lr-0.0003/resblks-2/emb-512/pure-attn-True/arguments_hash-1023153857908088369/date-2026-04-04_01:13:42,failed,2026-04-04T01:13:43Z,[],https://wandb.ai/umd-projects/msml612-training/runs/qn9sm6n9,simple_dit+hilbert,3:1,oxford_flowers102,150,,64,256,0.0003,,False,,64,512,16,8,2,edm,,,11684,6507.952714196,,,0.7255859375,0.7275390625,,,0.4742296934127808,0.47846370935440063,0.47846370935440063
j8denkrd,old-LDM-manual-dataset-oxford_flowers102/image_size-256/batch-64/schd-edm/dtype-float32/arch-simple_dit+hilbert/lr-0.0003/resblks-2/emb-512/pure-attn-True/arguments_hash-7678564144798945332/date-2026-04-04_00:44:55,crashed,2026-04-04T00:44:57Z,[],https://wandb.ai/umd-projects/msml612-training/runs/j8denkrd,simple_dit+hilbert,3:1,oxford_flowers102,150,,64,256,0.0003,,False,,64,512,16,8,2,edm,,,355,571.331678336,,,0.8408203125,0.8408203125,,,0.5728106498718262,0.5880273580551147,0.5880273580551147
o3g95y6j,old-baseline-manual-dataset-oxford_flowers102/image_size-128/batch-16/schd-edm/dtype-float32/arch-unet/lr-0.0002/resblks-2/emb-256/pure-attn-True/date-2026-04-03_21:57:03,crashed,2026-04-03T23:10:29Z,[],https://wandb.ai/umd-projects/msml612-training/runs/o3g95y6j,unet,3:1,oxford_flowers102,100,,16,128,0.0002,,False,,64,256,12,12,16,edm,,,23496,6256.130138245,,,0.7470703125,0.7470703125,,,0.13004213571548462,0.07192026823759079,0.07192026823759079
cn18ur4w,old-baseline-manual-dataset-oxford_flowers102/image_size-128/batch-16/schd-edm/dtype-float32/arch-unet/lr-0.0002/resblks-2/emb-256/pure-attn-True/date-2026-04-03_21:57:00-PREEMPTED,failed,2026-04-03T21:57:03Z,[],https://wandb.ai/umd-projects/msml612-training/runs/cn18ur4w,unet,3:1,oxford_flowers102,2000,,16,128,0.0002,,False,,64,256,12,12,16,edm,,,12365,3667.853350721,,,0.779296875,0.779296875,,,0.08533425629138947,0.07684125751256943,0.07754852622747421
